text,Golden,RL_Types,golden_parsed,predicted_parsed,error_type
热烈欢迎咱叙北第一带盐人 北门可不差，论三环外，东西三环可不一定有北三环好，再等火北弄好，那就真起飞了,1,"认同逻辑1, 认同逻辑5",{1},"{1, 5}",spurious
真的很多，我就是周边的，不管现实还是网上看的很多，他们天天说自己土著然后说我们弯脚杆，碰到过一个成都gay来我们这弯酸我们这乡坝头，然后碰到过有人问我成都那里的，因为我以为是外地人所以说的成都这边的，我说都江堰的，他说二环以内才是成都，二环以外是四川，刷到过很多帖子问成都要不要彩礼，然后成都人就说我们土著市中心的不要，要的都是周边的，抖音刷到周边的博主下面评论就一堆说人家口音的,147,"认同逻辑1, 认同逻辑4","{1, 4, 7}","{1, 4}",missed
我不内耗我也不觉得我们口音不好听，我只是觉得有些成都人笑别人很无语,4,,{4},set(),missed
哈哈哈哈，口音很贱，这个,-,认同逻辑4,set(),{4},spurious
我也不知道我算不算成都人，爸爸是成都人，爷爷奶奶也生活在成都，我户口在成都。但是妈妈是外地人，我爸妈都在我妈妈的城市工作。从小我跟着爸妈在我妈妈出生的城市生活，小时候放假回成都，和小朋友玩要被骂乡巴佬，所以导致我小时候不愿意回成都，一直到读研才回的成都，读完研就出国了，现在回成都快3年，不太会说成都话，听得懂，但愿意说四川话，总被同事说我说的四川话有口音，我也一直对成都没有认同感。,134,"认同逻辑2, 认同逻辑3, 认同逻辑4","{1, 3, 4}","{2, 3, 4}",missed
就是。。。基本上现在接到那些骚扰电话都是外地口音哎，不是歧视外地人，只是觉得如果他们回老家，做点其他工作，也比鼓捣留在成都打骚扰电话好嘛,47,认同逻辑4,"{4, 7}",{4},missed
我倒觉得是外来的多了故意在那点火，成都越扩越大本来对我爸妈这种老一辈是不好区分的，现在离成都二三环内天远地远的地方也叫成都，结果一导航开过车过来还要老半天比去隔壁几个市坐高铁时间都长还不如说原来的某某地名好记，老一辈是不习惯啊，然后就说歧视了,1,"认同逻辑1, 认同逻辑5",{1},"{1, 5}",spurious
并没有啊，成都有钱的又不一定是土著，绝大部分土著只是不愁房子住，另外有多余的房子可以出租出去，所以工资那么低很多人还是过得很开心月收入足够支撑不错的生活水平了。成都人天生一副你有钱那是你的事，我不去羡慕各过各的谁也不碍着谁所以大家才悠然自得，那些个有钱的区域又不属于是给土著的，多是外地赚了钱来成都消费或者安置的,46,认同逻辑6,"{4, 6}",{6},missed
成都土著的优越感是最强的，没有之一那种。比如他们在强调自己血统纯正的时候，往往会在前面加上土著或土生土长这样的词语。外地的不用说了，还没资格让土生土长的5城区成都人看不起，有资格被看不起的，首先你要是三环外但是大成都的弯脚杆和211，或者是后面来但是获得了成都省护照的新成都。,137,"认同逻辑1, 认同逻辑3, 认同逻辑4","{1, 3, 7}","{1, 3, 4}",missed
成华区二环内土著 几十年了没觉得啥子,13,认同逻辑3,"{1, 3}",{3},missed
三环外的弯脚杆咋个敢嫌弃哪个,17,"认同逻辑1, 认同逻辑4","{1, 7}","{1, 4}",missed
听过同事吐槽，她老公是二环的，她家在二环也有房子，但是户口是青白江的，然后她老公的亲戚摆龙门阵就一口一个你们乡坝头咋个咋个,-,认同逻辑2,set(),{2},spurious
我还挺喜欢成都口音的,-,认同逻辑4,set(),{4},spurious
作为一环路穷土著我真没觉得我有优越感，但是遇到一部分四川其他地方的朋友就会暗戳戳地想象“她是不是有优越感”，我成都朋友在外面说个成都话，都会被不知情的人指责她学成都口音装成都人,14,"认同逻辑3, 认同逻辑4","{1, 4}","{3, 4}",missed
成都人都很和蔼都不会歧视外地人，反而是外地人比较歧视和排挤成都人吧，出去上班熟都不熟就开始问你，你们屋头有几套房？你们屋头有几套房你还出来上班啊？还半工半读那么努力？何必把你们平时生活中的不如意归结在成都本地人身上，作为一个正常人，这样的提问方式请问礼貌吗？而且外地的都很有钱，能够买的起房，给得起彩礼，我们成都的有几个买的起房给得起彩礼嘛我们哪里敢有优越感，我二环的，我们去春熙路一般都说进城,16,认同逻辑1,"{1, 6}",{1},missed
不知道什么时候开始我们老成都人就开始被人骂看不起人了，大多是普通家庭的老成都谁管你哪来的，为什么说成都包容度大就是不管别人的事啊，归属感不强不融入当地不是本地人的错,4,认同逻辑6,{4},{6},missed
一般说弯脚杆都是因为他们先挑衅，攻击你家乡你也不乐意啊，说成都的面最难吃，成都二环内市区破烂，口音难听，做人假打...真的成都人才是每天被外地人歧视,147,"认同逻辑1, 认同逻辑3, 认同逻辑4","{1, 4, 7}","{1, 3, 4}",missed
怎么说呢？成都人其实真的不排外，也不歧视，但是有一点就是他们爱喊三环外的弯脚杆，老一辈传下来的吧！因为三环外就变口音了，但是平时还是相处很好，有时候给朋友开玩笑也会说你个批弯弯叉河过来得 ，其实就是开玩笑没有歧视意思，现在年轻人还好，应该就是老一辈带下来的口头禅，我是这样理解的,147,"认同逻辑1, 认同逻辑4","{1, 4, 7}","{1, 4}",missed
哈哈哈哈 我土著我倒是还好，但我身边的土著亲戚朋友 确实看不起外地的 而且三环外的都不行 我亲戚还说我男朋友是农转非,12,"认同逻辑1, 认同逻辑3, 认同逻辑7","{1, 2}","{1, 3, 7}",missed
思想观念，口音，穿着品味,-,认同逻辑4,set(),{4},spurious
成都二环内土著，问就是没优越感，我也没什么社交圈子，有几个朋友，大多不是本地人，也没觉得啥,13,,"{1, 3}",set(),missed
小时候没有成都土著这个概念，这十年也不知道是谁定义了这个概念,-,认同逻辑1,set(),{1},spurious
没有什么优越感。土著，从长顺街出来的，从上班就开始羡慕当年周边的城乡结合部，有分红，有拆迁，有土地。到现在40+，就羡慕从农村来的，过年可以回乡下放火炮，杀猪，天然无污染环境。读以前的锦小时，很多同学都是军区后勤的家属，也羡慕啊，什么都有优待。反正，没有觉得土著有太多优越感，不过还是很怀念以前长顺上街，中街以及长发街附近的老邻居些。,16,认同逻辑6,"{1, 6}",{6},missed
我家反正是三环外城乡结合部，周边啥都有反正不进城里玩一般,1,认同逻辑5,{1},{5},missed
有歧视的老土著挺多的，尤其是住在那种老破小的中年和老年人当然肯定也有很友好的土著，但是那种谈到三环外的5句话就有弯脚杆的土著占比还是很多,167,认同逻辑1,"{1, 6, 7}",{1},missed
成都人不是被骂的人吗？陈冠希。假打。口音难听。全是槽点。,-,认同逻辑4,set(),{4},spurious
都是外地人歧视成都口音的嘛,-,认同逻辑4,set(),{4},spurious
我觉得成都口音挺好听的呀。,-,认同逻辑4,set(),{4},spurious
小时候有，因为确实不给房租，用完回家吃饭睡觉，过得比来成都打工的同事好很多，而且四川其他地方来打工的听说你是本地人，他们很羡慕哈，本来我没觉得咋的后来就越来越不觉得了，感觉小孩父母都是过节回老家，我女曾经说我们咋没有老家我说就成都呀，她还觉得不安逸，都没地方回人家也都在成都买了房定居了，所以也没啥优越不优越感觉了,-,认同逻辑6,set(),{6},spurious
没有，倒是会被外地人歧视，说我说话口音牙尖弯酸，天天都说“电炒饭”,-,认同逻辑4,set(),{4},spurious
土著的优越感不在于房子，在与全家上数下数几代人都在一个地方，逢年过节大家庭聚会其乐融融，说着成都话聊着生活过往，文化认同一致，口味一致，大家族氛围很有趣。优越感在于对城市的了解，变迁了如指掌，从小长的的区域每条路都是记忆和故事。优越感在于一起长大的同学朋友三十年后还是在一起吃吃喝喝而不是各自纷飞鸟兽散。优越感在与成都是我们以及我们的祖辈的家，我们看它在生长，有好的也有不太好的，但是我们都热爱它。什么买了几个房子值多少钱，只有外地人才锱铢必较....因为成都人都有房子，不管好坏，住着舒服就好，没那么大物欲。,346,"认同逻辑1, 认同逻辑3, 认同逻辑4, 认同逻辑6","{3, 4, 6}","{1, 3, 4, 6}",spurious
成都人确实爱吹牛，我亲戚就挺爱的，但是年轻一辈还是低调的，我表姐表妹去加拿大的，美国的，日本的都有，再不济我们也都读过大学，还是有点见识的，能来成都安家买房高薪的外地人，我们咋会看不起，我自己老公都是外地人，我可崇拜他了！我自己工作都是互联网圈子，基本上都是外地人，而且我很懒，不思上进，只想做我的技术，领导和公司核心很多都是外地人！但是你要说优越感我倒是有点，就是我家虽然是拆迁户，还在南门买了两套房，但是我依然努力的工作，月薪还很高，而且还低调朴实！从来不在同事面前吹我的房，也不在亲戚面前吹我的工资，我觉得也算是成熟的！这些勤劳智慧善良努力，应该就是我的优越感,-,认同逻辑7,set(),{7},spurious
让我来模仿一下 1.真正的成都人都是不上班的，南门那边都是外地来打工的。 2.天府新区那边一堆农民拆迁的，整体素质不高 3.华阳，龙泉也能叫成都？只认五城区哈 4.土生土长的本地人都是享受生活的 5.除了五城区，都是郊区 个人感想：这种觉得自己土著的人（包括且不限于成都，上海，北京）在外面但凡遇到个比他城市好优越的土著，就秒变舔狗，受气也只有哑起的份儿丢人现眼到极致的玩意儿。,-,"认同逻辑1, 认同逻辑7",set(),"{1, 7}",spurious
我来回答你吧，这个主要是看经济条件和双方家庭。比如本地土著，父母n套房，退休工资贼高的那种，自然是不可能愿意找县城里面务农，父母没得退休金的家庭。这个跟是不是成都土著没关系，放眼全国任何一个城市都是这样，毕竟婚姻需要门当户对。那么如果土著家庭条件一般，对方县城家里条件也差不多，且双方父母都有合适的退休金那也没得问题。总之就是对方其实是挑需不需要娃娃负担养老而不是挑地域。你试试县城有钱的他们还挑不挑？这个属于经济问题，跟地域没得太大的关系。,-,认同逻辑6,set(),{6},spurious
成都人均收入并不高，一个城市全部翻新之后，就把低收入人群赶出去了，没有低收入人群服务，生活成本就上去了，成都的老小区生活便利，低收入人群也住的舒服，包容性很强。,-,"认同逻辑5, 认同逻辑6",set(),"{5, 6}",spurious
有每平方米一万以下的 一二环 老小区00年那种,16,,"{1, 6}",set(),missed
毕竟好多家庭 不见得可以拿出一两百万买一个环境好点 还在二环内的房子 毕竟我爸妈在成都工作这么久 基本都在一二环内 朋友也在附近 买到郊区肯定不现实 买一二环的房子改造是最好的方案了,16,"认同逻辑5, 认同逻辑6","{1, 6}","{5, 6}",missed
紧靠二环边的伊泰天骄。各种噪音和高密度，但价格就是贵贵贵。,-,认同逻辑5,set(),{5},spurious
楼梯房更有安全感，比如火灾，比如高层电梯事故。大平层就是个伪改善伪豪宅概念，天王老子来了我只认有天有地的联排别墅或者独栋别墅，啥都是自己说了算，不住的话也可以开公司开工作室，三环内的也有六七百个W的,-,"认同逻辑5, 认同逻辑6",set(),"{5, 6}",spurious
我也一直以为只要是哈尔滨辖区内不管市里还是县里的都可以算是哈尔滨市的人 直到我在小红书看到有人说县里的都是农村的 不属于哈尔滨人 他们老哈尔滨人只有道里的,2,"认同逻辑1, 认同逻辑2",{2},"{1, 2}",spurious
我家是双城的，后来工作考到了南岗。首先声明我一直说我是双城人，放心我没有说我是哈尔滨。最近在抖音上看到，因为口音然后有这种区分争论。其实按行政归属来说，9区12县的都可以说自己是哈尔滨的呀。看到抖音这些争论，我更要说我是双城人了，我从来没有觉得说是哈尔滨人能为我提升什么档次。也没有觉得说双城有什么羞愧的。别人说可能也只是为了方便别人知道家乡大概是什么位置。另一方面，每一个城市的发展都是由在本城市同生活奋斗的人一起共同努力的。无论你是老哈尔滨人还是新哈尔滨人。,2,"认同逻辑1, 认同逻辑2",{2},"{1, 2}",spurious
9区12县都是哈尔滨……老哈尔滨人都认为早期的七区（还有被取消的动力区和太平区）五县，现在是哈尔滨市区主要包括道里区、南岗区、道外区、平房区、松北区、香坊区、呼兰区、阿城区、双城区。其他算郊县。所以啥哈尔滨人……唉，都是中国人，行政区域内，全都是哈尔滨人。没必要,2,"认同逻辑1, 认同逻辑2",{2},"{1, 2}",spurious
都是，又不是不属于哈尔滨,-,认同逻辑2,set(),{2},spurious
您大可不必费心向我论证哈尔滨市区的'高贵血统'。你们用口音腔调以及习惯当身份标尺，把市政惠民政策当作地域分界线，这种自诩优越的戏码实在令人莞尔。按这个逻辑，红肠是不是都得查查是不是县里生产的呀？要是县里生产的，那是不是都不能叫哈尔滨红肠？还有冰雪大世界售票规则不过是行政划分的产物，怎么就成了贵贱判书？作为大庆人，我们倒有个朴素的认知：五区四县同属一座城，油田子弟和湿地农家的孩子都在磕头机旁长大。这里的文明尺度从不丈量户口本上的地址——毕竟真正的体面，向来与敲键盘贬低他人的姿势成反比。,467,,"{4, 6, 7}",set(),missed
一个哈尔滨还分起来是不是正不正宗的哈尔滨人了市里的房价也没比我周边县城贵多少什么时候贫富差距大到北上广那样再来分吧,16,认同逻辑1,"{1, 6}",{1},missed
说嗯呐的不属于哈尔滨市里的,4,"认同逻辑1, 认同逻辑4",{4},"{1, 4}",spurious
我明白你的意思，但是哈尔滨市中心就在博物馆转盘道是因为沙俄来搞的城市建设就是做的跟铁路线平行后选择以那个地方为中心，沿东西大直街向路两边两边建设。正因为这地方是最老的市中心，所以省政府市政府一开始都在这里，省博物馆在这儿，老的哈一百在这儿，哈工大最老的楼也在这儿，两个大教堂也在这儿。中央大街属于是辅助的娱乐购物区域，对于沙俄人来说教堂才是他们生活的重点，博物馆加革新街总共两个教堂就因为它这地方重点。而你说的老道外那边是老哈尔滨人的聚集区，属于是本地人的市中心，但是它不是城市发展建设的市中心。哈尔滨是因为铁路而兴起的城市，所以真正的市中心一定是离铁路不远的。,1,"认同逻辑1, 认同逻辑3",{1},"{1, 3}",spurious
以前是啊，后来城市发展都往周边建，老城区拆迁拆不起。就是最早繁华的有可能城市发展过快变成城中村。但是哈尔滨不至于，现在就是哈西和群力火一点，江北那边可能受影响较大没火起来。最早火实际是哈西，那时候群力没什么人。一般都首选哈西，群力买房人少。后来群力发展起来了，感觉比哈西还更繁华一些。住城市中心的好处，可能现在不明显了，以前没那么多公交线路，没地铁，打车又贵，更买不起车的年代，在中心住去哪都方便快捷。现在不一样了，实际去哪不堵车都差不多。我在北京一侧五环住，另一侧三环上班。公交倒地铁三趟再倒公交再走，两个半小时。你想想一天五个小时在路上，那耽误多少时间。北京交通那是啥也干不了，想看书？歌都听不了,-,"认同逻辑1, 认同逻辑5",set(),"{1, 5}",spurious
这个范围内的才叫本地人。。。我爷爷辈是肥东的当初来市区还要花钱买合肥户口才行。我出生时在省立医院步行街那个。那时候合肥人口才一百来万。我上学是工大附中。合肥工业大学就在现在南一环那。大学墙外就是农村田地，我们小时候爬墙过去炸菜地，趴祖坟。就那时候我们还被人说是郊区的。所以你觉得真的老合肥有多少人,13,"认同逻辑1, 认同逻辑2, 认同逻辑3","{1, 3}","{1, 2, 3}",spurious
发展起来的晚，年纪大一点的普遍受文化教育水平不高，很多拆迁户（没有歧视的意思，但确实老年人较多 素质确实有待提高）,4,,{4},set(),missed
还有交通特别乱，机动车从不让行人，电动车逆行，到处乱窜不遵守交通规则,5,,{5},set(),missed
哈哈，新来的都在疯狂踩老城区，因为他们恰好赶上的房价最高的那一波,5,认同逻辑6,{5},{6},missed
合肥土著人，感觉合肥的名片从包拯故里改成大湖名城以后，面积大了不少，交通也在变的便捷，相应的民生政策并没有积极跟上，希望越来越好，做到真正的宜居,-,认同逻辑5,set(),{5},spurious
没说不宜居 瑶海庐阳都很宜居 我在瑶海生活五六年 买东西真的很方便 但是发展比较好的区确实包河和蜀山更强些,-,认同逻辑5,set(),{5},spurious
新站我在那边住了几年生活挺方便的 有地铁1号线 三号线 四号线 新站那优势是那边是市区产证 ，整体的环境一般， 磨店那个商业街我也去了 都是一些小吃 奶茶店 平时没什么人，新站因为很多地区都被定位工业区 ，新站那边现在主要靠 京东方 维信诺 和康宁这几个大厂来支撑 。至于后期的五星级酒店和普通人也没太大关系。,-,"认同逻辑2, 认同逻辑5, 认同逻辑6",set(),"{2, 5, 6}",spurious
合肥土著告诉你，政务区只是从经济上划分的独立区域，行政上依然是属于蜀山区。往大了说就像深圳和国家的关系一样，深圳是经济特区的同时，它也是国家的城市区域，但它代表不了国家（ps：包括大部分合肥本地人提到天鹅湖都是说蜀山区天鹅湖）,12,认同逻辑2,"{1, 2}",{2},missed
政务区是功能区，蜀山是行政区，政务区归属于蜀山区，功能区只是方便市里管理做的划分。,-,认同逻辑2,set(),{2},spurious
滨湖的都说滨湖宜居，吃喝玩乐都方便。不是杠，就是真的想问下具体是滨湖哪块都做到这样我认识的亲戚朋友在滨湖的，感觉地方大是大，但是人好少，也没什么好的商业圈一直都好好奇,-,认同逻辑5,set(),{5},spurious
首先看你怎么定义发展，1.政府意义上发生最好的肯定是包河区，一系列数字亮瞎眼；2.从产业就业角度，发展好的是高新区，平头百姓家靠个人努力能达到的高度；3.从个人体验上来说，感受发展最好的是政务区，相对比较新，配套也成熟，居住体验不错。4.从真正的功能体验上来说，外围的发展和我护城河内的老居民来说关系不大，顶级的教育质量、医疗配套、核心商业都有，房子要那么大干什么？舒服便捷第一位，送孩子上学步行；去省立安医不用一去就要花半天；晚上饿了下了楼走5分钟就有的烟火气；单位大院邻里的热火劲；父母年纪大了东西拿不动时都能碰到孩子发小搭把手的远亲不如近邻的熟人圈。,6,"认同逻辑1, 认同逻辑5, 认同逻辑6",{6},"{1, 5, 6}",spurious
庐阳区橡树湾，真的很棒！交通方便，地铁方便，有商场，小区环境好，物业好，学区好，周围设施也好，住了就不想走了…第二套房子准备还买橡树湾或者附近,-,认同逻辑5,set(),{5},spurious
这个不知道反正包河区公务员分数线最高，高的离谱,-,认同逻辑7,set(),{7},spurious
发展这块，就产业而言，综合下来高新是大哥。就环境而言，滨湖是最舒服的。就烟火气而言个人感官庐阳最有感觉。如果按行政区域来算，蜀山区无疑，老城新区产业环境都有的。,-,"认同逻辑5, 认同逻辑2",set(),"{2, 5}",spurious
政务好不好不知，消费反正是最高的庐阳虽然已经变成老城区，整体看比较适合生活，毕竟有学区和医院，还有四通八达的地理位置的便利蜀山、经开、包河感觉差不多，包河现在有点逐渐开始攀升的感觉瑶海环境不行，发展一般，不高不低滨湖、新站没待过，不好评论。,-,认同逻辑5,set(),{5},spurious
土生土长庐阳区人 虽然是老城区 但交通吃喝真的很方便 习惯了,3,"认同逻辑3, 认同逻辑5",{3},"{3, 5}",spurious
没有，我土生土长合肥蜀山区人就喜欢绿化好人少的居住环境，所以大蜀山附近和滨湖是我买房首选,3,认同逻辑5,{3},{5},missed
我一开始不喜欢老城区，觉得旧旧的。结果政务区住四年回老城区真香安医，中医院，省立随便选，电动车10分钟。007，大老刘，各种美食街，小吃店，出门就到。送孩子上学10分钟内。周边都是菜场。爱死了,-,认同逻辑5,set(),{5},spurious
只要上班通勤不堵车的，或是有地铁直达的，住哪里都好～因为各个区都有自己的商业圈，外卖也很方便。,-,认同逻辑5,set(),{5},spurious
瑶海排除，乱死了尤其龙岗这边长江批发市场这里，绿灯过斑马线一堆开电瓶车运货的一点也不看，就上来撞人,7,认同逻辑5,{7},{5},missed
作为土生土长本地人目前居住滨湖，但还是喜欢我庐阳啊,-,认同逻辑3,set(),{3},spurious
你看哪个区房价最贵。,-,认同逻辑5,set(),{5},spurious
大部分是工业区。地铁覆盖范围少，公园也就两个,-,认同逻辑5,set(),{5},spurious
南站附近地铁公交都方便 比经开有的地方好多了,-,认同逻辑5,set(),{5},spurious
交通不便直接pass,-,认同逻辑5,set(),{5},spurious
天天堵车，开车没地方停，没有快速路，红绿灯太多，住一下交通方便的地方就有对比,-,认同逻辑5,set(),{5},spurious
我从地图上研究过，最方便的是华府骏苑那一块，距离各大商业区，银泰之心城万象城啥的，距离都比较平均。唯一缺点是周围好工作很少,-,认同逻辑5,set(),{5},spurious
有车之后你就知道，老城区堵车几小时的堵,-,认同逻辑5,set(),{5},spurious
还有双地铁4.6也是很方便，就是新房二手一起疯狂卷，还有五里庙和朗溪路高架不利因素美中不足,-,认同逻辑5,set(),{5},spurious
肥东必须是最差，工业园不说了，空气环境不行，交通也不行，设施也跟不上 ， 下雨就涝，地震中心,-,认同逻辑5,set(),{5},spurious
瑶海有烟火气而且瑶海设施陪套齐全，生活消费低，并且瑶海交通方便,-,认同逻辑5,set(),{5},spurious
瑶海区还行吧，尤其是一环二环那里，我家门口有三号线地铁和能直通市中心的公交车，区内有38中这样的好初中,-,认同逻辑5,set(),{5},spurious
是真的很方便 就是房价贵了噻，改善也没有选择,-,认同逻辑5,set(),{5},spurious
我也喜欢七里塘，摆摊吃 真的很方便，去步行街也很方便，离省医院也不远，也不用下班开车去挤那边,-,认同逻辑5,set(),{5},spurious
有一系列的配套，离老城区也很近，就很方便,-,认同逻辑5,set(),{5},spurious
"个人感觉目前济南市区的范围:
 东线: 凤凰路-凤凰北路（东边发展太快，二环东肯定打不住了）
 西线: 二环西高架（说纬十二-郎茂山路也可以）
 南线: 二环南高架（无任何争议）
 北线: 北园高架-工业北高架（无任何争议）
 欢迎理性讨论，拒绝无脑发言。该区域划分按照济南现有发展程度所制，无任何地域歧视",15,认同逻辑1,"{1, 5}",{1},missed
我小时候以前从章丘到济南还有收费站,-,认同逻辑1,set(),{1},spurious
坐标槐荫……86年……小时候我们在机务段做火车去市里……,1,认同逻辑3,{1},{3},missed
94年的，小时候住大明湖附近，感觉济南最西是现在和谐那边，最东是甸柳庄，最北是洛口，最南是东八里洼。那时候跟爸爸回章丘爷爷家，过了甸柳庄都是土路....以至于我家搬到奥体附近住十多年了，去泉城路玩都还叫去市里哈哈,1,"认同逻辑1, 认同逻辑3",{1},"{1, 3}",spurious
我06的，家在市中区，现在往泉城路还习惯说是去市里,1,"认同逻辑3, 认同逻辑1",{1},"{1, 3}",spurious
所以并不是所有的老济南人都认准那一块，你要搞清楚，就天桥槐荫那块小时候呆了20年，等有钱买房了第一时间搬到领秀城附近，这才是老济南的缩影,1,"认同逻辑1, 认同逻辑5",{1},"{1, 5}",spurious
洪楼很方便，可以坐地铁，推荐华山湖公园，环联夜市，洪楼教堂，省美术馆博物馆啥的都可以去看看,-,认同逻辑5,set(),{5},spurious
章丘人，上了大学说自己是济南的，别的区的觉得我碰瓷。。。。。说的和我们很想并入你们一样章丘市不比区大气啊？,2,"认同逻辑2, 认同逻辑1",{2},"{1, 2}",spurious
呃，有没有想过被划进来的也不喜欢济南啊，纯纯被济南吸血光靠济南市区早就让烟台超了,12,认同逻辑5,"{1, 2}",{5},missed
最近又出了双层公交车，线路好像就是走历城区那块，我一个室友就是历程的，她拍了视频给我们特意强调这是她们那边的双层公交车，我很不能理解，双层公交我记得小时候经常坐，都不觉得是多么稀罕的东西了，然后双层公交没了几年，现在又出来了，她给我们几个小时候就经常坐的同学显摆，我们都不好意思说我们之前就坐过,1,"认同逻辑1, 认同逻辑3",{1},"{1, 3}",spurious
你画的小商品批发市场有汽车站有动物园的 也不算市区啊,5,认同逻辑1,{5},{1},missed
很小的时候去济南，觉得历城就是郊区了，至于莱芜，我们本来就是刚合过去的，大多数的莱芜人在归属感上还是认同自己是莱芜人，个人观点不喜勿喷,1,"认同逻辑1, 认同逻辑2",{1},"{1, 2}",spurious
历下:设施齐全去哪里都方便 市中:万达大观园老商埠偶尔逛逛 天桥:小时候买衣服长大了搞装修偶尔去逛农贸市场 高新:都是上流社会的人 绿化挺好 槐荫:大剧院西客站宜家（？忘了是不是在槐荫了） 历城:没去过但是知道在市里 章丘长清平阴:已经不在市里了,15,"认同逻辑1, 认同逻辑5, 认同逻辑7","{1, 5}","{1, 5, 7}",spurious
红谷滩，不过生活成本也相对高一些,-,认同逻辑5,set(),{5},spurious
南昌很多中心地区，只是不同的地方不同的定位，如果说哪里最好，按照房价来，是红谷滩,-,认同逻辑5,set(),{5},spurious
红谷滩我小时候是荒郊野岭，后来新城区建起来了，现在如果你要拿出去比面子，用红谷滩那块没毛病，但是你要问我们本地人，市中心一定只会是八一广场，我小时候对南昌的记忆也一定是那边,1,"认同逻辑1, 认同逻辑5",{1},"{1, 5}",spurious
土生土长南昌人告诉你，南昌的市中心是东湖区八一广场中山路孺子路等那一片，红谷滩以前很荒废，后来发展起来的，所以红谷滩那边很多外地人，但现在确实红谷滩发展的很好,15,"认同逻辑1, 认同逻辑3","{1, 5}","{1, 3}",missed
老市中心和新市中心的区别，从小在红谷滩长大，以前是叫昌北的，小时候到处都是一片荒芜，鸟不拉屎的地方，都是说过了八一桥才是真南昌，所以去东湖那边都会说去南昌。后面红谷滩才慢慢开发起来，建了很多大厦，开设地铁，引入CBD，包括各级政府的迁移，也改名从红谷滩新区到红谷滩区了，现在说是南昌的市中心我觉得没毛病。,15,"认同逻辑1, 认同逻辑2, 认同逻辑5","{1, 5}","{1, 2, 5}",spurious
原来省政府在八一广场那，八一广场一带就是市中心，中山路、步行街，大点范围可以说市中心是东湖西湖区。小时候逛街都是去八一广场、中上路、万寿宫、步行街。后来，孟建柱到了江西，用上海模式建立了一江两岸，发展了红谷滩，市政府迁了过去，政治中心的转移，也使得红谷滩发展越来越好，包括后来发展的新建县。我还记得小时候和妈妈去昌北，那时候还得坐小巴车、车上也脏，真的就是去了农村。后来红谷滩开始发展的时候，我去新建二中读书，我依然还记得那时候上一周学回来，脚上全是泥，我爸开玩笑说我是耕田回来的。没有贬义的意思啊！现在红谷滩和新建区都发展的很好，我也很喜欢我的母校。就是突然看到这个话题，想起来小时候。,1,"认同逻辑1, 认同逻辑2",{1},"{1, 2}",spurious
我也是城阳人，听到市里口音够够的，高贵的很,4,"认同逻辑4, 认同逻辑1",{4},"{1, 4}",spurious
画多了，应该就是市南+市北（不能过北岭水清沟）+崂山（不能过金家岭），这些才是青岛市里the city哈哈。----土生土长的青岛小嫚现在是老阿姨一枚,1,"认同逻辑1, 认同逻辑3",{1},"{1, 3}",spurious
我之前去青岛玩，他们说房价最贵的区是在崂山区，可为什么市南区会看不起城建比较新的崂山区，还觉得对方乡下，不懂... 是类似浦西浦东那样吗？,-,认同逻辑1,set(),{1},spurious
作为土生土长青岛市南人，真不懂谁在搞这些鄙视链！青岛市区上了年纪的人，有几个人在胶南胶州没有老家的亲戚？还不是爷爷辈那辈才进城？另外，市区的高考升学率一直被县级市的学校吊打，当然这和学校不卷有很大关系，很多人后来出国为主。论经济，县级市也出了很多驰名企业。现在的香港路，我幼儿园那阵还是小村庄，这个庄，那个庄的。,-,认同逻辑3,set(),{3},spurious
我家闺女户口就是平度的，因为她爸爸是土生土长平度人，我是济南的，我们现在都在济南生活，我从小就教孩子说是济南人，老家平度的，千万别说是青岛的，她爸爸经常自称青岛人，被人家青岛人笑话,1,"认同逻辑3, 认同逻辑4",{1},"{3, 4}",missed
从我爸妈口中说的，我理解的，我父母年轻时在市南区就已经住楼房了，别的区平房多，再加上交通不便利，出行远环境破旧，才出现的鄙视链而已。,-,认同逻辑5,set(),{5},spurious
奇了怪了。。在青岛土生土长二十五年了，老家平度，从小在李沧长大，后来父母家搬去了城阳，工作后市北住过，现在住在李村，公司在崂山，那些传播什么青岛市区鄙视链的什么市里人看不起哪哪哪人的什么排外的到底是谁啊我咋啥也没感觉到呢,3,"认同逻辑3, 认同逻辑1",{3},"{1, 3}",spurious
碰到过一个从外地搬来青岛的 住在市南区 觉得自己老高贵了 说什么李沧是城乡结合部 崂山全是拆迁户 莱西平度是偏远山区青岛土生土长本地人只会觉得我小岛岛哪都好 最爱我小岛岛,13,"认同逻辑1, 认同逻辑3, 认同逻辑7","{1, 3}","{1, 3, 7}",spurious
我李村的，我一个胶州的同事，住在市南租房子，他说我李村不属于市区，笑死人了，后面我才知道他是胶州的。给我拽上了还。,1,"认同逻辑1, 认同逻辑6",{1},"{1, 6}",spurious
李村属于即墨方言,-,认同逻辑4,set(),{4},spurious
我市南土生土长的，上学的时候去了烟台，大学毕业回家后，嫁了胶州小伙子，因为孩子上学所以我们就住胶州了，我家市区有七八套房子，胶州城阳也都有房子。我爸妈现在住崂山，我每次回家邻居都会说我终于从村里进城了，有一次遇到问我一句你在胶州是不是住不上有暖气的房子…呵呵有啥好说的呢，嘴长在别人身上爱说啥说啥呗。,136,"认同逻辑1, 认同逻辑3, 认同逻辑5, 认同逻辑6","{1, 3, 6}","{1, 3, 5, 6}",spurious
我是真的被青岛大姨鄙视过啊，很严肃的告诉我，你一个外地人，又住黄岛，你跟青岛根本不沾边！我一想呢也对，我是辽宁的啊，虽然房子在黄岛，那也就只是个贵一点的物品而已，你不认为我是青岛的也没问题啊！我又不计较，我通过自己的努力在青岛工作、赚钱、安家落户、积攒了自己的生活圈子和朋友圈子，难道我需要一个渔民的后代来承认我的身份吗？不需要的，我去你青岛人开的饭店吃饭，点两个菜你还不是要规规矩矩端上来给我？除非你有骨气，不做青岛市区以外人的生意，那我没办法，我去菜市场青岛人的摊子买条鱼，你也不敢半斤说八两吧？我坐个出租车是你青岛人开的，你也不敢拒载吧？反正你不承认没关系的，认知局限又有什么办法呢？,-,"认同逻辑1, 认同逻辑6",set(),"{1, 6}",spurious
因为这自古以来都是即墨的地盘，所以土著是即墨人，这里的即墨指的是除平度莱西胶州黄岛以外的所有青岛地区，不要说平度那个即墨，那个是上古即墨邑，我说的是从隋朝开始一直到清末的大一统的即墨县（大一统指人文方言文化习俗统一）,1,"认同逻辑1, 认同逻辑3, 认同逻辑4",{1},"{1, 3, 4}",spurious
胶东机场对市区来说远 我承认 但是那些市区的动不动的就潍坊机场 给潍坊建的机场 怎么的 合着胶州被你们划到潍坊去了呗？,1,"认同逻辑1, 认同逻辑2",{1},"{1, 2}",spurious
谢谢小姐姐，前几天看到过你这条评论，当时就很有感触，我是土生土长平度人，具体点是平度南村人，高中搬家到一中附近，我一直觉得平度超级好，四季分明，农产品虽赶不上寿光，可是从小过完年爸妈会带我去路边买草莓，五月份去云山过樱桃节，夏天有时吃明村西瓜有时吃东王府庄的人开着三轮车走街串巷卖的西瓜，秋天必定要吃大泽山葡萄，配上八月十五的烧鸡，冬天仁兆白菜和古岘芹菜堆满整个过洞…长大以后走过很多地方才发现平度没有一个大型综合性商超，也没有什么高新产业经济带，甚至现在连财政都岌岌可危，但我还是会想念南村街里的水果摊烧饼铺，想念平度温州路汽修厂的油条，想念小时候妈妈去平度办事绕到帝王给我带回一盒新出的肯德基蛋挞,134,"认同逻辑3, 认同逻辑4","{1, 3, 4}","{3, 4}",missed
"“城阳不算青岛…”最近山东的小伙伴可能都刷到了这个视频，青岛大姨把城阳黄岛即墨胶州莱西平度开除岛籍，到底哪才是青岛呢？
 🛡️叠甲：坚决反对一切地域歧视和地图炮言行🙅
 🧒本人：家庭来自江苏常州多年在青岛上学工作（市南区实验-市实验初中-青岛二中）
 1.“算不算青岛”本质是一个“城 郊 对立”的说法，行政上各区市都属于青岛，但主城区的大姨群体不认同其他区市的人是“青岛人”
 2.【教育体系的隔离】多年以来城阳黄岛莱西等区市的学生，都无法报考市属重点高中（2 58 1 9），10年前崂山的学生仅有部分能报考（这也是崂山以前被开除岛籍的原因），至今城阳黄岛等区的学生也无法派位局属初中（实验 26 39 ），教育资源分布不均问题仍未解决。
  
 3.【方言口音的差异】主城区居民多是移民，更接近普通话，且有部分外语舶来词，这也是大姨们优越感的来源之一，城阳、黄岛（胶南）即墨本地人居多，口音和词汇更具地方性历史性。
 4.【道路交通的隔离】至今青岛主城区通往各区市的最便捷路线都需要交费：黄岛-海底隧道、城阳-青银高速、即墨平度莱西-青新龙青高速、胶州-跨海大桥，这在大型城市中是比较少见的人为隔离，导致产生了“进城”要交钱的优越心理，也增加了跨区通勤的成本。【再次呼吁海底隧道免费！】
  
 5. 【皈依者狂热】这一心理现象多出现在受过殖民影响的地区，主城区的移民们觉得自己继承老德意志正黑旗的衣钵，靠着优越感和歧视来构建区域居民认同。同样的病态心理也出现在部分上海、香港等地居民。
 6.【发展不均衡】抛去gdp这种和普通人关系不大的数据不谈，各区人均可支配收入基本符合“开除岛籍”视频中的描述，主城区包揽前几名（2022年度数据）。
  
 7.【被歧视、凝视者的反击】很多在主城区求学、工作的人都在租房、挤地铁公交的过程中遭受过大姨们的嘲讽、歧视、冒犯，互联网玩梗，既是消遣也是反击。
 【综上所述】“不算青岛”本身就是没有上海香港的命得了上海香港的病。一个歧视他人的人不会有大出息，一个排外甚至排内的城市不会有大发展。研究哪个区算青岛，不如研究如何促进教育公平、经济发展、交通畅通。",25,"认同逻辑1, 认同逻辑2, 认同逻辑4, 认同逻辑5, 认同逻辑6","{2, 5}","{1, 2, 4, 5, 6}",spurious
你这种海归硕士去市南或者地铁溜一圈一大推大姨让你娶她曼很喜欢你这种高学历的,-,认同逻辑6,set(),{6},spurious
何止交通？医疗教育购物等等,-,认同逻辑5,set(),{5},spurious
乖乖，住城墙里头的是天龙人吗？讲话都这么吊了，其他都是乡下人哈哈哈,1,"认同逻辑1, 认同逻辑4",{1},"{1, 4}",spurious
按以前的行政区块，至少老下关、秦淮区城墙外的部分、雨花、建邺相当于城乡结合部，2000年以前仙林大学城那边还有不少农田的,2,"认同逻辑1, 认同逻辑2",{2},"{1, 2}",spurious
以前城墙以内，现在按行政区划。如果还按照以前，南京小县城都不如了，太小。现在南京全部加一起也不大，再减就没啦,2,"认同逻辑2, 认同逻辑1",{2},"{1, 2}",spurious
跟钱有什么关系？ta说的主城区是历史沿革，优越感来自于底蕴，有底蕴不等于有钱，扯上海人做什么,4,认同逻辑1,{4},{1},missed
南京最大的问题就是核心还在老城 而且隧道多没有走高架看起来壮观 新区一直都没有让外地人熟知 外地人过来大概率不会去江北河西之类的 除了看演唱会 不像钱江世纪城和浦东之类的被人熟知 走走江东路江北大道双龙大道也不会觉得城市界面不好 而且老城真没什么问题 除了中山北路被地铁缠的,1,"认同逻辑1, 认同逻辑5",{1},"{1, 5}",spurious
礼贤拆迁户,-,"认同逻辑1, 认同逻辑6",set(),"{1, 6}",spurious
东城：美术馆，北京名胜古迹集中营，以前南锣鼓巷称为中国的“秋叶原” 西城：学霸集中营，除了北京四中没有别的印象，宣武印象都比西城多 海淀：修电脑的，大学集中营，去漫展喽 朝阳：我家，好大 丰台：体育馆 石景山：石景山游乐园，我出生的地方，老山 门头沟：好远…………………… 房山：好远…………………… 通州：我奶奶家，以前叫通县，环球影城，以前落后现在发展特别好 顺义：小汤山？温泉？小学老去那边采摘园？ 昌平：回龙观和天通苑！人口密集居住地！ 大兴：机场可以接受河北信号 怀柔：说话带口音，没去过 平谷：大桃，说话带口音，没去过 密云：水库，说话带口音，没去过 延庆：只在天气预报见过龙庆峡，没去过,1,"认同逻辑4, 认同逻辑7",{1},"{4, 7}",missed
郊区:山好水好，人实在，生活节奏慢，玩的东西少，适合呆着。 市里:玩的东西多，生活节奏快，上个班跟竞走一样，有地铁，地铁里全是人肉味儿,-,认同逻辑5,set(),{5},spurious
东城：京爷您吉祥 西城：京爷您吉祥（这两个没贬义，因为感觉胡同多多的，是真京爷） 海淀：学的我想死，根本跟不上海淀学生😭我不会的他们都学过了😭 朝阳：上大学，就认识这一亩三分地 丰台：小时候去园博园 大学找朋友玩总去坐高铁 石景山：石景山游乐园+去过漫展 门头沟：总发大水 房山：朋友家 远远嘟 通州：副中心，环球影城 顺义：国际学校多有钱人多 社会大课堂总去七彩蝶园和鲜花港 昌平：大一在昌平，远，好朋友在那上大学 大兴：没什么印象，有漫展 怀柔：红螺寺 社会大课堂去过生存岛 平谷：看桃花 摘桃 密云：我家 去城里不方便😫存了半天喝不着水库水 延庆：远远嘟，去过世园会,5,认同逻辑1,{5},{1},missed
西城：皇城根儿 正黄旗 东城：旅游景点 全是人 朝阳：潮 喜欢去那边玩 海淀：全是学霸 学生时期每周末都来补习 大兴：西瓜好吃 丰台：买花买鱼的地方 有点土潮 通州：环球影城 zf办公区 密云：水库环境好 鱼好吃 周末玩水 延庆：有口音 不算北京 怀柔：空气好 房山：猿人遗址 门头沟：发大水 平谷：不熟 有桃儿,4,"认同逻辑1, 认同逻辑4, 认同逻辑5, 认同逻辑7",{4},"{1, 4, 5, 7}",spurious
东城：老破小房价高 好多宰游客的景点 西城：老破小房价高 西单 好多宰游客的景点 海淀：老破小房价高 全是学校 什么好玩的都没有 朝阳：潮人and有钱人 好玩的商场挺多 丰台：郊区 小时候舞蹈考级去过 石景山：好远 门头沟：假期去烧烤 房山：好远 通州：好远 顺义：别墅区 八大处 风景不错 昌平：好远 大兴：好远 怀柔：好远 平谷：桃子好吃 密云：水库 或许可以去度假 延庆：好远,15,认同逻辑5,"{1, 5}",{5},missed
老师我家怀柔也想要地铁,-,认同逻辑5,set(),{5},spurious
东城：城里人 西城：城里人 海淀：很那个的地方 朝阳：巨大一片 哪都是朝阳 丰台：有什么啊 石景山：钢！(石景山同学说是城中村 门头沟：啊？ 房山：有一片学校 通州：待富 目前只有环球拿得出手 顺义：牛栏山一中 昌平：天通苑 大兴：荟聚 怀柔：有什么啊 平谷：大桃 还有音乐节 密云：水库 延庆：冬奥？,1,"认同逻辑1, 认同逻辑7",{1},"{1, 7}",spurious
东城：故宫 南锣鼓巷 西城：景山公园 海淀：卷子好难 初高中折磨我6年 朝阳：老去内头逛 石景山：不太熟就记得学校去内体育馆开过个运动会 丰台：不太熟就记得之前学校里有个住这儿的走读生 门头沟：对象在内块上过学 通州：太爱吹牛逼，，，远离卷毛老太太…… 昌平：超级合生汇 大兴：去机场千万别卡点…… 顺义：别墅 有钱的多 怀柔：慕田峪长城 雁栖湖 平谷：桃好吃！口音好重 密云：水库 南山滑雪场里面的教练好美 房山：周口店猿人遗址 延庆：八达岭长城 动物园,14,认同逻辑1,"{1, 4}",{1},missed
东城：出生地 西城：学前班以及爷爷奶奶家 富贵之地 朝阳：定居➕身份证号 朝阳人民群众 商务区 使馆区 购物时尚 金融CBD 海淀 各种重点学校➕很多部队的人员居住➕学区房老破小➕IT 丰台：印象中南城外省市的流动人口最多 石景山：对它印象一直停留在石景山游乐园 大兴：水质很差 都是村 房山：口音很重 感觉路途遥远 都是景点 怀柔：周末远郊必去 昌平：上风口 选🪦的风水宝地和延庆一起堪称北京空气质量略好一筹的地区 密云：密云水库 🍑 古北水镇 口音也很重 延庆：除了山就是村 开车还要盘山 房子便宜的你都不认为它是北京！,1234,"认同逻辑1, 认同逻辑2, 认同逻辑3, 认同逻辑4, 认同逻辑5, 认同逻辑7","{1, 2, 3, 4}","{1, 2, 3, 4, 5, 7}",spurious
东城：崇文 东城合并 城里人 西城：宣武 西城合并 城里人 海淀：大学很多 那边的父母鸡娃 挺多的 朝阳：感觉很有钱的样子 丰台：家 以前是郊区 现在的居住区，附近有城里拆迁过来的，没啥好工作，上班地铁好多人 石景山：首钢 之前公司的客服部 去那边打过电话 (不知道为啥总觉得玉渊潭在石景山 门头沟：山沟 去年发大水很严重 房山：十渡 周口店北京人本人 通州：环球影城 副中心 顺义：首都机场 采摘 农家乐很多 昌平：北边太远了 回龙观 大兴：亦庄 西红门 高米店 驾照 怀柔：没咋去过 板栗 平谷：大桃 有地方口音 密云：水库 延庆：山区,-,"认同逻辑1, 认同逻辑2, 认同逻辑4, 认同逻辑5, 认同逻辑7",set(),"{1, 2, 4, 5, 7}",spurious
房山柿子不行，房山最大的特产是跨区打工人,-,认同逻辑7,set(),{7},spurious
我住西北二环外几百米，晚上七点除了几个遛弯儿的基本就没什么人了，倍儿安静，吃饭要不西直门，要不金融街西单，远点儿王府井金宝街，我老公说清清静静的也挺好。我姨住崇文门，我以前在望京上班儿，确实不如那边儿店多，周围的批发市场全关了，不合规的小店全关了基本生活没问题，购物和娱乐活动欠缺。,-,认同逻辑5,set(),{5},spurious
你公公纯老北京的话他们的意识里二环内才是北京三环就是郊区了,13,认同逻辑1,"{1, 3}",{1},missed
大学毕业后一直在朝阳工作，还嫌弃小时候长大的西城“无聊”，有孩子了回到西城，没事自行车去北海公园溜达，看病走路就到，小院里晒个被子，汽车也不用开了，堵车交通管制和我也没关系了，幸福指数直线上升。连周末都不“出城”去朝阳了，纳闷自己怎么能忍受那么些年朝阳的堵和躁,15,认同逻辑5,"{1, 5}",{5},missed
最大的区别就是西边景色好，空气好，有山有水，不闹腾，宜居。东边各种污染严重，交通拥堵，不宜居。,-,认同逻辑5,set(),{5},spurious
我从小在东边，真的很少去西边，对那头特别不熟悉，上次去北展看个演出，明显感觉比东边老派。路边的连锁店是仙踪林，这牌子我有二十年没见过了小时候在老城区中心位置开过，没想到这牌子还在,-,认同逻辑1,set(),{1},spurious
延庆没有地铁只有长途公交，坐车的话3h打底了。在市区工作一定不要住延庆啊,-,认同逻辑5,set(),{5},spurious
住在朝阳，社会关系大多在翠微周边，西边的确有点土，但那是低调，不低调也不敢啊！朝阳洋气不老少，但民营经济主导，总被西边看不起，这世界总会有你看不上我，我看不上你的事儿！,146,"认同逻辑1, 认同逻辑6, 认同逻辑7","{1, 4, 6}","{1, 6, 7}",missed
我小时候住海淀长大了住望京，后来孩子上学回海淀，个人感觉望京比较适合年轻人生活，休闲自在啥都有，海淀吧，我住这地儿，真就只能上学，啥啥都破破的，每一天都想着赶紧上完学搬家,-,认同逻辑5,set(),{5},spurious
我住东二环 我爸妈住东四环 上班在西四环 我每天上班我感觉像出国 再赶上西四环交通管制 （海关排队,1,,{1},set(),missed
内片确实是一坨，房价原来挺低的，房价低就有个坏处，容易滋生垃圾,5,"认同逻辑5, 认同逻辑6",{5},"{5, 6}",spurious
你不会说反了吧海淀新区的大马路对着大山，心情一下就开朗了,-,认同逻辑5,set(),{5},spurious
对于我这城里土生土长的北京人的陈旧的思想：东边过了东大桥就是农村。西边过了官园就是农村。北边出了北三环就是农村。南边过了自然博物馆就是农村。海淀区就中关村再往西北就农村。丰台都郊县原来打电话都带郊直费。通州是哪？哦你说通县呀。去趟顺义一天回不来得住村里。延庆我草得坐火车(原来真从西直门坐火车),13,认同逻辑1,"{1, 3}",{1},missed
什么叫乡下？你的定义是什么？周边也一大把出生就是城镇户口，父母都是工人或者事业单位公务员，家里没有土地，怎么就是乡下了？要你这么说全国就没有几个不是乡下的地方了。,-,"认同逻辑2, 认同逻辑7",set(),"{2, 7}",spurious
一样去杭州读个破大学反而还被歧视乡下人了，余杭读了12年书一点事都没有，天天说我们没归属感，那边又歧视我们，说我们乡下人，硬贴杭州，老底子杭州屁大点地方，吞了多少才发展起来自己没点数,-,"认同逻辑1, 认同逻辑2, 认同逻辑4",set(),"{1, 2, 4}",spurious
一般当能答出杭州哪里（比如武林门，采荷，翠苑，朝晖这种称呼）后因为密码正确接下来的语言模式会自动切换为杭州话（特指老市区范围的杭州话，毕竟稍微隔几公里就会出现口音差异了）哈哈哈,4,"认同逻辑4, 认同逻辑1",{4},"{1, 4}",spurious
你同学说错了，西湖区也是乡下，因为我们这讲的都是余杭话，其他几个区讲的都是杭州话,14,认同逻辑4,"{1, 4}",{4},missed
你猜怎么着，你划的滨江萧山这边本地人，平时去市区都会说：去杭州玩，还有东边划得都到七堡了，我那边的同学可不认为他是市中心的你这么划是把自己家先划进去了呗,1,"认同逻辑1, 认同逻辑2",{1},"{1, 2}",spurious
你都划到萧山了，就把我最顶上的大塘栖也划进去呗，让我也体验体验住在市区是啥体验,1,"认同逻辑2, 认同逻辑1",{1},"{1, 2}",spurious
杭州人至少要说杭州话，萧山话杭州人都听不懂，硬划进杭州市区，别说杭州人了，问问萧山人干吗？,14,"认同逻辑4, 认同逻辑2","{1, 4}","{2, 4}",missed
现用名：花都（区）  原名：花县  汉朝：属番禺管辖  隋朝：属南海县辖  宋以后：分属番禺、南海县辖  清康熙二十五年（公元1686 年）：取南海、番禺两县部分区域置县，因县城近花山，定名“花县”，属广州府。  民国时期：花县主要由省直辖  新中国成立后：隶属江北专区、珠江专区、粤北行政区、佛山专区  1960年4月：划为广州市属县。  1993年6月18日：经国家批准，撤县设市（县级），撤销花县，定名为“花都”，由省人民政府委托广州市代管。  2000年5月21日：经国家批准撤市设区，成为广州市花都区,-,认同逻辑2,set(),{2},spurious
我小时候一直在河南住，满口番禺顺德乡下口音，乡下仔来的,14,认同逻辑4,"{1, 4}",{4},missed
对哈哈哈 有祠堂有分红有地 从来没怀疑过自己,6,"认同逻辑3, 认同逻辑6",{6},"{3, 6}",spurious
从来不怀疑自己，因为年年有分红，有祠堂有时候吃饭都要走去祠堂,36,"认同逻辑6, 认同逻辑4","{3, 6}","{4, 6}",missed
我战友台山阿伯，十几岁才入户大石那边，但是也一样有分红，不知道他们家怎么操作的,-,认同逻辑6,set(),{6},spurious
错了，广州城系西至西门口，东至东山口，北至小北，南至南关，加上西关东山三元里河南四区。大部分有分红的村都唔系广州。,1,"认同逻辑1, 认同逻辑6",{1},"{1, 6}",spurious
错了，广州城系西至西门口，东至东山口，北至小北，南至南关，加上西关东山三元里河南四区。大部分有分红的村都唔系广州。,1,"认同逻辑1, 认同逻辑6",{1},"{1, 6}",spurious
其实是反过来的，村民以前在老广眼里是乡下人，只不过郊区城镇化之后村民平均生活水平比之前的老城区市民高，现在基本在广州会粤语都当你广州人，只不过有些人挑拨离间，广州人又要有祠堂分红又要在老三区，能满足这俩点的全广州找不出20万个，那还得了,4,"认同逻辑4, 认同逻辑6, 认同逻辑7",{4},"{4, 6, 7}",spurious
系咯，我有个同学系赤岗d村民啊，佢话佢乡下系三水。唔多明d人点解觉得有分红又祠堂先系土著，奇怪🤔,2,"认同逻辑3, 认同逻辑6",{2},"{3, 6}",missed
我从来未霖过呢个问题，结果系个帖子度睇下八卦，被判定唔系广州人以我知道嘅我屋企对上几代都系广州（更前几代唔知系因为我从未问过家族史），身份证4401，一直都系讲粤语，住村度有分红，跟住帖度d人话，冇祠堂就唔系，fine，原来我一直都系外地人，我地成村都冇祠堂，估计一村人都系外地人，真系笑佐,346,"认同逻辑2, 认同逻辑4, 认同逻辑6","{3, 4, 6}","{2, 4, 6}",missed
我爸广州天河本地的 但是当时我妈老家有分红 把我户口跟妈妈了 那我也不算广州的 我爸总说 你就是广州的所以我是不是广州本地的啊（说的一口流利粤语 从小就在广州长大）,34,"认同逻辑2, 认同逻辑3, 认同逻辑4","{3, 4}","{2, 3, 4}",spurious
错了，广州城系西至西门口，东至东山口，北至小北，南至南关，加上西关东山三元里河南四区。大部分有分红的村都唔系广州。,1,"认同逻辑1, 认同逻辑6",{1},"{1, 6}",spurious
错了，广州城系西至西门口，东至东山口，北至小北，南至南关，加上西关东山三元里河南四区。大部分有分红的村都唔系广州。,1,"认同逻辑1, 认同逻辑6",{1},"{1, 6}",spurious
边个话你知老广就有分红，有分红都是村镇的，老广是住市区的,1,"认同逻辑6, 认同逻辑1",{1},"{1, 6}",spurious
算啦，是不是本地的重要吗？ 现在粤语都没人讲了，分红也只有村民有,46,,"{4, 6}",set(),missed
作为广州土生土长的家族第三代一直自我认同喺广州本地土著 直到有祠堂的本地村民话我唔喺土著先动摇咗我嘅概念认知 毕竟阿爷个代先出来广州搵食定居 户口本依然显示乡下地名而唔喺广州 确实又好似无力反驳,3,"认同逻辑2, 认同逻辑3, 认同逻辑4",{3},"{2, 3, 4}",spurious
历史流流长，世界咁大。只要户口在广州且会讲白话，有文化认同那就是广州人。我理论上祖籍茂名，祖上因为打地主走过来。我阿爷係华师学生，后来喺番禺起屋做老师。我屋企而家已经同茂名那边几乎冇关系，一个人都唔识。我唔觉得我係第二个地方嘅人。至于番禺嘅归属，那是另一个话题,246,"认同逻辑2, 认同逻辑3, 认同逻辑4","{2, 4, 6}","{2, 3, 4}",missed
我妈果边是世代广州人，但是地主被没收财产，变成疍家人了，无地唔系村民，我爷在广州出世，感我系广州人吗？我觉得我系，但我无分红无地无屋,3,"认同逻辑3, 认同逻辑6",{3},"{3, 6}",spurious
身份证唔系44010，因为阿妈吾系广州宜边，要先入阿妈度，我阿妈先可以签过黎广州，有村，冇分红（老豆打啊爷工，要转居民），住祖屋宅基地，条村年年爬龙船，有阵时玩船头旗位，啊嘛挂左罗左D死股，每年分D西甘多钱。甘算吾算？,46,"认同逻辑2, 认同逻辑3, 认同逻辑6","{4, 6}","{2, 3, 6}",missed
对啊我也想知道我们家在从化的村里有个几百年的祠堂，肯定算从化土著了。但是一几年并入广州之后身份证变了，不知道算不算广州土著。,2,"认同逻辑3, 认同逻辑2",{2},"{2, 3}",spurious
我老公是佛山本地人，有分红，有族谱，祠堂几百年历史，已经是文物，但我儿子户口跟我，在我那边出生，那算是佛山人吗我同学老公也是佛山人，也是有分红，女儿户口在佛山，但全家回去我们那边生活，孩子算佛山人吗？,36,"认同逻辑2, 认同逻辑3, 认同逻辑6","{3, 6}","{2, 3, 6}",spurious
不算，我也是爷爷那一辈来广州定居，父亲和自己都是土生土长的，但是祖宗坟茔和宗祠都在老家。年年都要预留时间回老家扫墓。然后因为是在大院长大，跟本地人的圈子也融不进去，即使自己讲着一口广州话但是就是觉得差了这么一点可能真的只有祖辈生于广州的才会形成广州人认同。,3,"认同逻辑3, 认同逻辑6",{3},"{3, 6}",spurious
你说我是不是广州人？我爷东莞人，抗日时期跑到广州来定居，我妈是广州农村，然后我户口跟我妈，我妈户口一直在村里，所以我有村分红，但是在村里属于外姓人,36,"认同逻辑2, 认同逻辑3, 认同逻辑6","{3, 6}","{2, 3, 6}",spurious
听讲话无祠堂，非农户口，都有分红,-,"认同逻辑3, 认同逻辑4, 认同逻辑6",set(),"{3, 4, 6}",spurious
无嘎城市户口系无分红嘎。而且广州旧中心城区（清朝时起的城墙位置内）几百年前就无村噶啦。,-,"认同逻辑6, 认同逻辑1",set(),"{1, 6}",spurious
我就前几日听一个认识几年噶网友讲话有噶 话距地有一段时间全部农转居，但是都仲有分红。唔记得距系越秀定荔湾了。我都奇怪，因为我地番禺是农户先有分红,-,认同逻辑6,set(),{6},spurious
我家旧唐楼系大东门附近，幼儿园时就收咗补楼而已。分红真系无。有族谱，但系基本里面嘎人都5系中国啦,3,"认同逻辑3, 认同逻辑6",{3},"{3, 6}",spurious
我都系甘葛情况，我同我老豆都系老西关系广州人但系应该唔系土著,1,认同逻辑3,{1},{3},missed
籍贯广州，广州村民，清明去白云山上拜，几代祖先都在山上，而不是去公共墓园，家庭所有成员粤语完全不带口音,134,"认同逻辑3, 认同逻辑4","{1, 3, 4}","{3, 4}",missed
我妈妈是白云区某村有祠堂的，爸爸是潮汕归侨，我广州土生土长我觉得自己只是半个广州人,3,"认同逻辑3, 认同逻辑4",{3},"{3, 4}",spurious
虽然我家也好几代在这边，也是讲粤语，但是只说我是广州本地人，但不算广州土著，因为我是番禺的,1,"认同逻辑1, 认同逻辑3, 认同逻辑4",{1},"{1, 3, 4}",spurious
别纠结了基本不是，民国前广州城只有西门口到大东门。我家没有祠堂，清朝在西关做生意后来家族逃出去又回来。广州土著大部分都走国外，留下来万中无一，美加香港南洋比广州更多广州土著。,3,"认同逻辑1, 认同逻辑3",{3},"{1, 3}",spurious
不算吧，我外公开始来广州工作我妈他们在广州长大的，在家也都是说粤语，基本只有清明才会回老家一两天，他们都不会说自己是广州人。,3,,{3},set(),missed
广州本地人一般指老四区世居吧（老越秀、老荔湾、老东山、海珠）吧。因为好像我们这种，至少五代都在广州土生土长，有分红有地，最多都系叫广州客家人。,136,"认同逻辑1, 认同逻辑3","{1, 3, 6}","{1, 3}",missed
不会说不算,4,,{4},set(),missed
看年龄，时代不一样，现在00后很多土生土长的广州人也不会粤语,3,认同逻辑4,{3},{4},missed
从小是从什么时候开始？如果80年代生，不会说广州话不太可能。如果00年生，也很正常,-,认同逻辑4,set(),{4},spurious
广州出世叫本地人..但系广州某村出世加有分红或有地叫土著.这样比较容易解释,36,认同逻辑6,"{3, 6}",{6},missed
增城是后来并入广州的，甚至连大家口中广义上的广州人都不算贴主要是会说粤语我觉得他可能更适合说自己是广州本地人,4,"认同逻辑2, 认同逻辑4",{4},"{2, 4}",spurious
是本地人，不是土著，还有些人在那里卜佬卜佬，分红的时候可没见你卜佬,6,"认同逻辑3, 认同逻辑4, 认同逻辑6",{6},"{3, 4, 6}",spurious
补充一下 是光谷东感觉光谷广场那一块交通也是乱糟的,-,认同逻辑5,set(),{5},spurious
评论区的别这样对待黄陂啊，黄陂虽说远，但他现在也好歹是属于武汉的，也就相当于都是一个妈生的，各有各的优势，别瞧不起啊，毕竟地铁七号线以后也是要延长到黄陂的嘛，这样也方便多了，不过我在外面说我是黄陂人，也没见有人瞧不起或者诧异什么的啊,12,认同逻辑2,"{1, 2}",{2},missed
我新洲的，基本不认为自己是武汉人，感觉武汉人也不太看得起我们，我平时都是说行政区划上算武汉人,1,"认同逻辑2, 认同逻辑1",{1},"{1, 2}",spurious
"武汉13个区的GDP排名、未来发展、人口以及房价情况一直备受关注。外地人常认为汉口区是武汉最富有的区，实际上他们说的是江汉区。江汉路步行街、国广武广每日都在刷新武汉的最高消费记录，西北湖的金融圈也是高楼林立。不过，江汉区2024年GDP仅1627亿，在武汉排名第六，房价约15000到3万之间。
 江岸区的万国建筑群江滩是武汉最顶级的富人区，二七滨江也坐落于此。这里的文化气息浓郁，人们可以在老洋房拍照打卡、在汉口江滩漫步、在武汉关跨年，武汉人的美好记忆都与之相关。其教育水平在武汉位居第二，发展潜力巨大。然而，2024年江岸区的GDP为1625亿，略低于江汉区。房价两极分化严重，最高的一万出头，最贵的八九万。
 真正能打的其实是东湖高新区，也就是中国光谷。它是举全省之力发展的板块，2024年GDP达到2715亿，增速4.7%，连续多年位居武汉第一。这里汇聚了大批高端产业，如互联网、人工智能、生物医药、数字通信等。光谷中心城道路宽敞、高楼林立，科技感十足。每天诞生六十多个老板、120多个企业，十多个发明专利。人均收入达20万，研究生、博士生遍地走，企业高管、科技新贵年入百万，身价千万上亿也很平常。虽然房价高峰期达到3万，现在跌到了17000平，但作为全武汉年轻人和外来人口最多的新区，这样的房价在很多人看来并不贵。
 再说说最穷的区，汉阳区常被认为是武汉最穷的区。其2024年GDP只有260亿，在主城区垫底，钟家村王家湾的商业也日渐衰落。不过汉阳区有着丰富的旅游资源、风景、文化和宜居环境，像晴川历历汉阳区、芳草萋萋鹦鹉洲的美景，每年大年初五都人山人海。
 蔡甸区连续多年GDP垫底，2024年GDP仅529亿。中华新城彻底熄火，老城区缺乏足够生活气息，产业和人口状况都较为一般。花博会期间稍微热闹点，板块内基本都是养老之地，房子每平五六千，与周边8加1城市圈的县城水平相当。
 武汉正处于两极分化的关键节点，只有基本面良好、产业发达的板块才能吸引更多人才流入，而人口不断流失的板块必然会逐渐失去竞争力，房价下跌也在所难免。",-,"认同逻辑1, 认同逻辑5",set(),"{1, 5}",spurious
是老市民的心理落差……祖祖辈辈都是大城市武汉人， 混了几辈人还没到大城市上层，眼看这些祖辈都在乡下耕田的外地人来大武汉跟自己平起平坐，甚至混得比自己还好，失落……唯有排外能强挽一下老市民的尊严,3,"认同逻辑3, 认同逻辑6",{3},"{3, 6}",spurious
经开合并进去了，我前几年就是住的经开，档案上填的就是这个，后来变成汉南了，搞得我很懵啊,-,认同逻辑2,set(),{2},spurious
我土生土长的武汉人，说实话20年前我觉得汉口是武汉最富裕的地方，现在光谷发展的太快了太好了，很多住市区的人跑这边来上班，武汉未来还是看光谷。,3,"认同逻辑3, 认同逻辑5",{3},"{3, 5}",spurious
黄陂比新洲强多了，机场也在黄陂，人家物流商品市场，文旅游做得火爆。还有两条地铁线路。把阳逻剁有了，新洲只剩下在哪遥远偏僻的小山村啦,-,"认同逻辑1, 认同逻辑5",set(),"{1, 5}",spurious
经济特区一开始只有湖里的一小部分好像，当时厦门岛还分4个区，经济特区扩大到全岛，后来建设海湾型城市，把集美，海沧，同安，翔安，并到厦门市，就把岛内的鼓浪屿区和开元区合并到思明区了。所以并不是有些人说的什么“集美同安为什么就不是厦门”“你们是在优越什么”，而是人家集美就有自己的名字，那么多年人家就是集美人，灌口人，这样的由来。海湾型城市之后就是岛内外6个区了。,1,认同逻辑2,{1},{2},missed
好家伙 我以为厦门岛内房价应该不会太高 想着看看 结果一看 嗯～跟上海也差不多,-,认同逻辑5,set(),{5},spurious
东盟商务区那边大多是新南宁人吧，我和我小学初中同学们在青秀区土生土长从小到大没觉得有啥区别。反而是高中后有部分乡镇来这边买房定居或读书的同学优越感爆棚，不懂他们在牛什么,13,"认同逻辑1, 认同逻辑3, 认同逻辑4","{1, 3}","{1, 3, 4}",spurious
青秀区以前不就是大农村吗小时候在埌西，西乡塘的同学都觉得我家穷，后面一几年到东盟商务区买房，也是几千块一平而已,1,"认同逻辑5, 认同逻辑6",{1},"{5, 6}",missed
朝阳广场的人流大而且确实鱼龙混杂啊，但是正宗南宁人肯定不会说朝阳不好,1,"认同逻辑1, 认同逻辑4",{1},"{1, 4}",spurious
西乡塘很多城中村，朝阳广场附近的地铁站就有好几个站点是城中村，建筑大部分是新旧混杂，没有青秀五象的城建新，但是人多，热闹，图生活方便的话住这里挺好的，毕竟什么动物园火车站朝阳都在这里。,-,认同逻辑5,set(),{5},spurious
不同区域的街头人群确实迥异，我来南宁生活十多年了，住的地方人流量相对低，平常上班下班很少逛街，最多去去附近万象城盛天地之类的。某次突发奇想坐地铁去朝阳广场（几年没去了），总记得那次的感觉。出地铁看到密密麻麻的人群，都还是年轻人居多，感觉城市非常有朝气，觉得很开心。,-,认同逻辑5,set(),{5},spurious
别说青秀区，江南区某穷小区都有优越感，就亭洪供电局下来一点，某桥底下，我以前的小学伙伴爷爷奶奶家住那边，我周末会去找她玩，然后那边一楼是个瓦房停车场，应该是那对老头老阿奶的，然后某一次我去找她在楼下等她，那老阿奶就很莫名其妙的来一句，我们家是南宁本地人哦，是本地人来的我当时？搞笑死了哈哈哈哈哈哈哈对不起我山旮旯建政路那一代的，小时候只觉得听得不对劲，长大了真是觉得井底之蛙优越感，不看看那个小区有多烂,-,"认同逻辑2, 认同逻辑1",set(),"{1, 2}",spurious
本南宁人小时候都是喜欢跟朋友约朝阳玩啊，只是后来长大了，能选择的地方也多了，朝阳又越来越难停车（小车和电车都难），所以才去的少了,5,"认同逻辑1, 认同逻辑6",{5},"{1, 6}",missed
早期南宁各类资本大佬聚会碰头也是在朝阳的 那时候南宁不大的 以朝阳为圆心 以前的老万国酒楼就是那些大老板谈生意地方喽,1,"认同逻辑1, 认同逻辑7",{1},"{1, 7}",spurious
哈哈哈我西乡塘农村的，我小时候去朝阳广场我也怕，特别是过天桥和地下通道的时候，就是有很多乞丐在那里然后会害怕,-,认同逻辑6,set(),{6},spurious
本广西人现在是“地铁老人脸”。这都还没富起来呢，就开始拿起贵族姿态了我们偏远农村的广西人看来只能下广东或者出国了。不配奢望首府,-,认同逻辑6,set(),{6},spurious
土著对老城区的执念是比较深的毕竟是从小到大生活学习的地方。虽然我五象这套房就在南宁大桥头，一过桥就可以回到青秀，但还是不习惯通勤习惯了5分钟就到，这里要提前20分钟起床，好难啊哈哈哈,15,"认同逻辑3, 认同逻辑5","{1, 5}","{3, 5}",missed
青秀区我有两套了，这边这套是我们的单位集资房，我们有股份，可以得分红，而且是按照职称高低才能买房子的大小，所以我爸说买咯。,67,认同逻辑6,"{6, 7}",{6},missed
住惯单位宿舍的不习惯住商业小区。每次想吃什么都要回老城区，特别是吃宵夜，动不动开车大半个小时，心鸭。这两天又把我崽拎回娘家蹭住，为了今晚能去琅东村觅食,-,"认同逻辑6, 认同逻辑1",set(),"{1, 6}",spurious
南宁大桥头，那个位置好好，就是早晚高峰过桥很崩溃,-,认同逻辑5,set(),{5},spurious
医科大自己在五象蟠龙这边都起有集资房，去要被服厂干嘛没听说过哦。当时说武鸣校区都附近准备起集资房，我老豆老母都冲咋咋报，结果木戳有地铁过去，不要了,-,认同逻辑5,set(),{5},spurious
也许我个人比较喜欢清静吧，从青秀区过来五象第6️⃣个年头了。还是很喜欢这里的环境，马路很宽不会堵车，空气也很好傍晚饭后可以在江边散步，宜家，万象汇，总部基地那块吃的，购物也很方便，山姆也就20分钟就到了，回市区感觉哪哪都堵,-,认同逻辑5,set(),{5},spurious
因为渝中的拆迁户基本上都在李家沱,-,认同逻辑6,set(),{6},spurious
不会吧渝中区的拆迁户跑李家沱去干撒子，,-,认同逻辑1,set(),{1},spurious
爸爸是510203我是500104 土生土长ddk,3,"认同逻辑2, 认同逻辑3",{3},"{2, 3}",spurious
小时候在南坪，现在在坡区，而且我爸妈又在考虑搬回南坪,-,认同逻辑3,set(),{3},spurious
107，小时候住两路口，八岁搬回坡区，就一直在杨家坪前后打转转了。,-,认同逻辑3,set(),{3},spurious
整个重庆主城区都主要是本地人，重庆不像那些真一线城市那么多移民，最近几年才开始多起来外地口音移居过来的。,-,认同逻辑4,set(),{4},spurious
你那是老辈子的了！或者是直辖前更新的那批！我解放碑五一路土生土长的都是500103 这个没什么要争论的！都是,3,"认同逻辑3, 认同逻辑2",{3},"{2, 3}",spurious
看了一圈，就没有大渡口的土著吗？我妈小时候是城头的，大溪沟，枣子岚垭，我爸是和平路的，但都是在我出生之前，我是510203，我们那里我出生的时候还属于九龙坡，后来就变成了大渡口,3,"认同逻辑2, 认同逻辑3",{3},"{2, 3}",spurious
渝中区 虽然老，但是配套齐全 医疗 教育 交通,-,认同逻辑5,set(),{5},spurious
500103，出生幼儿园小学住渝中，初中南岸，高中沙区（因读书租房），大学江北，现在两江新区，我觉得两江新区最适宜居住，公园多。,-,"认同逻辑2, 认同逻辑5",set(),"{2, 5}",spurious
不是，土著是🈯只有解放碑为商业中心的那个时代就住在两江三岸的人,3,认同逻辑1,{3},{1},missed
我爸因为50年前因为工作原因从渝中区换到九龙坡区 因为有套房所以户口也就转到在九龙坡了 ，那时候没得房价更值钱的概念 上班要坐绿皮火车太折腾了…… 早知道就死守渝中区哟,1,"认同逻辑2, 认同逻辑3, 认同逻辑1",{1},"{1, 2, 3}",spurious
同意！下楼就是地铁安逸惨,-,认同逻辑5,set(),{5},spurious
"其实主要还是配套的原因
 1：从小长大的地方，内心上不认可其他地方，觉得那是乡下，北到伍家岭，南到南二环。
 2:最近快速发展的十来年里，人口增长了300万，其实三甲医疗并没有增加啥，交通拥挤，远距离的就医带来不便
 3:新城区房子确实很多，都是高层和超高层为主，人口密度就高，堵车就成为家常，比如月亮岛和梅溪湖等主干道区域，而老长沙反而没有那么堵，因为有很多6层楼的单位房，密度低些，就业也在附近
 4:新城区外表看起来都是高楼大厦，却缺少了老长沙特有文化的烟火气，除了就业情况和湖南省内地级市不同和其他城市没啥区别
 5:真正要长期在一个城市待下去，从心里认可这个城市就必须移植到大脑的文化里，这样无论去哪里感觉还是老长沙比较好，完善便捷的配套是重中之重",15,"认同逻辑1, 认同逻辑4, 认同逻辑5","{1, 5}","{1, 4, 5}",spurious
我只是发表个人感受，我住了3年梅溪湖，然后我老公就吐槽了三年，然后在房价没跌的时候果断卖掉了,-,认同逻辑5,set(),{5},spurious
所以我喜欢北辰，老城区往新区的过渡，街道界面没老城区那么破旧，离市中心又只需要十几分钟，配套啥都有，住起来太舒服哒,-,认同逻辑5,set(),{5},spurious
小时候住南门口大一点住八角亭，正宗老城区长大的，老城区就是邻居都会比较熟络，现在回以前住的房子去看，那些邻居都会很热情的喊你，问一问家里人的情况。现在住梅溪湖，其实朋友聚会逛街还是喜欢去“城里”，居住的话也很喜欢梅溪湖，小区比较有活力，小孩上学方便，晚上湖边散步也很方便。,1356,"认同逻辑1, 认同逻辑6","{1, 3, 5, 6}","{1, 6}",missed
么子叫老城区咯，侯家塘算不？算的话，你去看看天剑路那里，那未必住起蛮舒服？还一句言老城区不堵车，不晓得哪里来的优越感,5,"认同逻辑1, 认同逻辑5",{5},"{1, 5}",spurious
嘴巴放干净点，啥都不懂。湘江新区是功能区而非行政区，岳麓区委、区政府与湘江新区党工委、管委会实行区政合一的运行方式。,-,认同逻辑2,set(),{2},spurious
你看看现在有没有岳麓区人民法院，岳麓区zf，地图上是显示岳麓区还是湘江新区，湘江新区只是经济发展上的特殊区划，又不是行政区划,-,认同逻辑2,set(),{2},spurious
确实，湘江新区只是个功能区，行政区还是叫岳麓区，湘江新区相当于岳麓再加望城区的一些地方,-,认同逻辑2,set(),{2},spurious
范围大点只有天心区算城区，其他都是乡里别比如雨花区，我就住这，以前全是菜地，我老公土生土长的坡子街人，他说老城区只有坡子街那一块小破地，什么开福区雨花区都没人住的荒郊野地，更别说河西的岳麓区啊跳马啊望城了，那更加不算,13,认同逻辑1,"{1, 3}",{1},missed
我在五一广场 有个同事不知道我们经理就是那个月亮岛那里的，然后他就说乡里别 然后我们经理就说那里已经属于是开发区了，不属于是乡里了，然后我同事还没理解意思，一直在吐槽那里不好不好，结果我们经理就背后面针对他，懂得都懂,12,认同逻辑2,"{1, 2}",{2},missed
